"","hrr","hrrname","hrrpop","hrrcaserate","hrrdeathrate","hrrcaserate100k","hrrdeathrate100k","date"
"1","268","MO- KANSAS CITY",2481936,0.000367703330269766,9.26995356866062e-06,36.7703330269766,0.926995356866062,2020-04-05
"2","297","NY- BRONX",1398749,0.00871844562748424,0.000295410726376198,871.844562748424,29.5410726376198,2020-04-05
"3","308","NY- WHITE PLAINS",1135283,0.0125878720486628,0.000185554420923346,1258.78720486628,18.5554420923346,2020-04-05
"4","303","NY- NEW YORK",4981418,0.00828790491615919,0.000302313007458938,828.790491615919,30.2313007458938,2020-04-05
"5","301","NY- EAST LONG ISLAND",4728414,0.0090665416079137,0.000242058151401549,906.65416079137,24.2058151401549,2020-04-05
"6","289","NJ- NEWARK",1534797,0.00559633792372102,0.000176708092815361,559.633792372102,17.6708092815361,2020-04-05
"7","001","AL- BIRMINGHAM",2276677,0.000488768022963307,1.36102906631282e-05,48.8768022963307,1.36102906631282,2020-04-05
"8","007","AL- MONTGOMERY",473121,0.000285900058298393,2.42678758209387e-06,28.5900058298393,0.242678758209387,2020-04-05
"9","006","AL- MOBILE",826053,0.000327967482407964,1.30282046639395e-05,32.7967482407964,1.30282046639395,2020-04-05
"10","134","FL- PENSACOLA",764431,0.000355832861169934,5.28440535935352e-06,35.5832861169934,0.528440535935352,2020-04-05
"11","002","AL- DOTHAN",375802,0.000336574434538816,5.32195145315884e-06,33.6574434538816,0.532195145315884,2020-04-05
"12","009","AL- TUSCALOOSA",266186,0.000314812454718689,0,31.4812454718689,0,2020-04-05
"13","144","GA- ATLANTA",6243061,0.000671104066313513,2.07928684878829e-05,67.1104066313513,2.07928684878829,2020-04-05
"14","148","GA- ROME",289908,0.000603254125202946,2.21031939273003e-05,60.3254125202946,2.21031939273003,2020-04-05
"15","260","MS- MERIDIAN",197862,0.00054220126165006,1.01080551091165e-05,54.220126165006,1.01080551091165,2020-04-05
"16","005","AL- HUNTSVILLE",626099,0.000345980096714082,2.79341316837735e-06,34.5980096714082,0.279341316837735,2020-04-05
"17","373","TN- CHATTANOOGA",700134,0.000199517903728913,1.45610130842029e-05,19.9517903728913,1.45610130842029,2020-04-05
"18","262","MS- TUPELO",396259,0.000382629845033527,1.45654722519534e-05,38.2629845033527,1.45654722519534,2020-04-05
"19","146","GA- COLUMBUS",349248,0.000305505827040148,1.93973235620233e-06,30.5505827040148,0.193973235620233,2020-04-05
"20","010","AK- ANCHORAGE",710231,0.000260478633008134,8.44795566512867e-06,26.0478633008134,0.844795566512867,2020-04-05
"21","012","AZ- PHOENIX",3373124,0.000378349118689781,9.05176037526958e-06,37.8349118689781,0.905176037526958,2020-04-05
"22","293","NM- ALBUQUERQUE",1729568,0.000379740734087599,7.17076245425948e-06,37.9740734087599,0.717076245425948,2020-04-05
"23","015","AZ- TUCSON",1221007,0.000320948709627053,9.794218321555e-06,32.0948709627053,0.9794218321555,2020-04-05
"24","423","UT- SALT LAKE CITY",2034274,0.000593693443704638,1.89182322220877e-06,59.3693443704638,0.189182322220877,2020-04-05
"25","011","AZ- MESA",1384107,0.000337621918550331,7.03955984862949e-06,33.7621918550331,0.703955984862949,2020-04-05
"26","014","AZ- SUN CITY",298424,0.000345000617377385,7.97710548111729e-06,34.5000617377385,0.797710548111729,2020-04-05
"27","279","NV- LAS VEGAS",2064056,0.000742777226590577,2.0035228165899e-05,74.2777226590577,2.0035228165899,2020-04-05
"28","019","AR- LITTLE ROCK",1557326,0.00038778431044417,9.0250917590848e-06,38.778431044417,0.90250917590848,2020-04-05
"29","270","MO- SPRINGFIELD",865127,0.000122673075341052,8.20611784020426e-06,12.2673075341052,0.820611784020426,2020-04-05
"30","021","AR- SPRINGDALE",535647,0.000166080169813643,0,16.6080169813643,0,2020-04-05
"31","267","MO- JOPLIN",375895,0.000145736143034121,2.63434913245364e-06,14.5736143034121,0.263434913245364,2020-04-05
"32","018","AR- JONESBORO",238432,0.000168101458950373,3.96335202989323e-06,16.8101458950373,0.396335202989323,2020-04-05
"33","273","MO- ST LOUIS",3427241,0.000499631385995688,1.09723436687761e-05,49.9631385995688,1.09723436687761,2020-04-05
"34","219","LA- SHREVEPORT",694588,0.00144004895661671,4.68853468372763e-05,144.004895661671,4.68853468372763,2020-04-05
"35","016","AR- FORT SMITH",376522,6.69748071986857e-05,4.71283782006412e-06,6.69748071986857,0.471283782006412,2020-04-05
"36","379","TN- MEMPHIS",1816203,0.000688012051978917,1.13712190631538e-05,68.8012051978917,1.13712190631538,2020-04-05
"37","022","AR- TEXARKANA",263672,0.000170779233523179,3.79387932014416e-06,17.0779233523179,0.379387932014416,2020-04-05
"38","065","CA- ALAMEDA CO.",1538029,0.000388298444086368,7.90737453614852e-06,38.8298444086368,0.790737453614852,2020-04-05
"39","033","CA- CONTRA COSTA CO.",1042954,0.000326678395689345,4.96017680518921e-06,32.6678395689345,0.496017680518921,2020-04-05
"40","091","CA- STOCKTON",596968,0.000282409273033672,1.49749544388836e-05,28.2409273033672,1.49749544388836,2020-04-05
"41","280","NV- RENO",758460,0.000442222684586934,6.97597975119508e-06,44.2222684586934,0.697597975119508,2020-04-05
"42","077","CA- SACRAMENTO",2589156,0.000266597223788091,9.40228909308299e-06,26.6597223788091,0.940228909308299,2020-04-05
"43","031","CA- CHICO",300672,4.78901839128867e-05,0,4.78901839128867,0,2020-04-05
"44","058","CA- MODESTO",901093,0.000127827068763403,2.00581644147e-06,12.7827068763403,0.200581644147,2020-04-05
"45","081","CA- SAN FRANCISCO",1438721,0.000571205067493566,1.17051122067367e-05,57.1205067493566,1.17051122067367,2020-04-05
"46","343","OR- MEDFORD",434585,0.000148141903340526,0,14.8141903340526,0,2020-04-05
"47","043","CA- FRESNO",1244650,0.000118027612723503,2.45728231939195e-06,11.8027612723503,0.245728231939195,2020-04-05
"48","062","CA- NAPA",274114,8.95355204506774e-05,6.24454469436648e-06,8.95355204506775,0.624454469436648,2020-04-05
"49","073","CA- REDDING",341901,0.000174033544462544,5.84964653510812e-06,17.4033544462544,0.584964653510812,2020-04-05
"50","080","CA- SAN DIEGO",3720182,0.000384332949437382,6.44716561644014e-06,38.4332949437382,0.644716561644014,2020-04-05
"51","079","CA- SAN BERNARDINO",3116736,0.000251632146690238,7.1941305579776e-06,25.1632146690238,0.71941305579776,2020-04-05
"52","025","CA- BAKERSFIELD",1161370,0.000266006155584164,5.52523116990431e-06,26.6006155584164,0.552523116990431,2020-04-05
"53","056","CA- LOS ANGELES",9867438,0.000601361148605818,1.33538116412887e-05,60.1361148605818,1.33538116412887,2020-04-05
"54","096","CA- VENTURA",857707,0.000283286169026041,7.55935351757867e-06,28.3286169026041,0.755935351757867,2020-04-05
"55","023","CA- ORANGE CO.",3304821,0.000285819590190867,5.00618665064727e-06,28.5819590190867,0.500618665064727,2020-04-05
"56","089","CA- SANTA ROSA",489750,0.000220851779524391,2.14111251383155e-06,22.0851779524391,0.214111251383155,2020-04-05
"57","078","CA- SALINAS",396679,0.000149377073510385,4.81861527452856e-06,14.9377073510385,0.481861527452856,2020-04-05
"58","083","CA- SAN LUIS OBISPO",251067,0.000351649872286964,3.71213766910141e-06,35.1649872286964,0.371213766910141,2020-04-05
"59","087","CA- SANTA CRUZ",275890,0.00025660733701873,4.05490698722819e-06,25.660733701873,0.405490698722819,2020-04-05
"60","069","CA- PALM SPR/RANCHO MIR.",342069,0.000328005674856781,8.21336817561377e-06,32.8005674856781,0.821336817561377,2020-04-05
"61","082","CA- SAN JOSE",1761797,0.000668192771506557,2.28116266242528e-05,66.8192771506557,2.28116266242528,2020-04-05
"62","086","CA- SANTA BARBARA",443159,0.000394388084625146,2.41851687856908e-06,39.4388084625147,0.241851687856908,2020-04-05
"63","085","CA- SAN MATEO CO.",797525,0.000763062172094914,1.85259580714807e-05,76.3062172094915,1.85259580714807,2020-04-05
"64","103","CO- DENVER",2853117,0.0010403364644486,2.48537355544855e-05,104.03364644486,2.48537355544855,2020-04-05
"65","106","CO- GREELEY",357920,0.00120078563176289,5.68926226708968e-05,120.078563176289,5.68926226708968,2020-04-05
"66","102","CO- COLORADO SPRINGS",829912,0.000610905547626992,3.50160210770594e-05,61.0905547626992,3.50160210770594,2020-04-05
"67","101","CO- BOULDER",308518,0.000697941765184546,1.69119374087289e-05,69.7941765184546,1.69119374087289,2020-04-05
"68","107","CO- PUEBLO",173208,0.000273954729021702,1.23628012624005e-05,27.3954729021702,1.23628012624005,2020-04-05
"69","105","CO- GRAND JUNCTION",337595,0.00116093095676978,1.76914458658956e-05,116.093095676978,1.76914458658956,2020-04-05
"70","104","CO- FORT COLLINS",335380,0.000464316813711923,1.59512135056219e-05,46.4316813711923,1.59512135056219,2020-04-05
"71","201","KS- WICHITA",1276737,0.000147641307270701,2.34287810239194e-06,14.7641307270701,0.234287810239194,2020-04-05
"72","109","CT- BRIDGEPORT",682421,0.00332769488902154,0.000104718074311889,332.769488902154,10.4718074311889,2020-04-05
"73","111","CT- NEW HAVEN",1482374,0.00166673383765714,5.10061585062136e-05,166.673383765714,5.10061585062136,2020-04-05
"74","230","MA- SPRINGFIELD",744460,0.00146358224405284,7.02603365759646e-05,146.358224405284,7.02603365759646,2020-04-05
"75","110","CT- HARTFORD",1510786,0.000767284431294125,3.32131885917189e-05,76.7284431294125,3.32131885917189,2020-04-05
"76","364","RI- PROVIDENCE",1228881,0.000791597312540551,8.5688360499173e-06,79.1597312540551,0.85688360499173,2020-04-05
"77","225","MD- SALISBURY",443452,0.000436001609266199,9.7298161378796e-06,43.6001609266198,0.97298161378796,2020-04-05
"78","112","DE- WILMINGTON",796103,0.000694270438785024,1.6157019183776e-05,69.4270438785024,1.6157019183776,2020-04-05
"79","356","PA- PHILADELPHIA",4185432,0.00151394242179426,2.21991268698158e-05,151.394242179426,2.21991268698158,2020-04-05
"80","113","DC- WASHINGTON",2617594,0.000851245475412205,1.74069498774342e-05,85.1245475412205,1.74069498774342,2020-04-05
"81","226","MD- TAKOMA PARK",960715,0.000809158041858007,1.58013697036377e-05,80.9158041858007,1.58013697036377,2020-04-05
"82","120","FL- GAINESVILLE",567547,0.000339378283226212,2.57351153328757e-06,33.9378283226212,0.257351153328757,2020-04-05
"83","123","FL- JACKSONVILLE",1629968,0.00046646251052066,1.19883893821013e-05,46.646251052066,1.19883893821013,2020-04-05
"84","133","FL- PANAMA CITY",217003,0.000126455037440877,4.60823122260982e-06,12.6455037440877,0.460823122260982,2020-04-05
"85","130","FL- ORLANDO",3621833,0.00044419523167458,5.91398658194313e-06,44.419523167458,0.591398658194313,2020-04-05
"86","118","FL- FORT LAUDERDALE",2760263,0.000838224146441174,2.76945721704355e-05,83.8224146441174,2.76945721704355,2020-04-05
"87","127","FL- MIAMI",3202229,0.00152125012281292,1.48278279917451e-05,152.125012281292,1.48278279917451,2020-04-05
"88","140","FL- TALLAHASSEE",835219,0.000347854745958472,5.15958548540634e-06,34.7854745958472,0.515958548540634,2020-04-05
"89","137","FL- SARASOTA",407131,0.000365369503190732,2.03272124613772e-05,36.5369503190732,2.03272124613772,2020-04-05
"90","119","FL- FORT MYERS",1182870,0.000575559887285752,1.3262566286603e-05,57.5559887285752,1.3262566286603,2020-04-05
"91","129","FL- OCALA",529160,0.000257819673483358,1.07968406372498e-05,25.7819673483358,1.07968406372498,2020-04-05
"92","131","FL- ORMOND BEACH",383378,0.000309954548696713,5.64275470384574e-06,30.9954548696712,0.564275470384573,2020-04-05
"93","124","FL- LAKELAND",386176,0.000291133192546939,6.08103281698407e-06,29.1133192546939,0.608103281698407,2020-04-05
"94","122","FL- HUDSON",408247,0.000231523225451843,2.54330300485871e-06,23.1523225451843,0.254330300485871,2020-04-05
"95","141","FL- TAMPA",1385149,0.000400507199928624,4.09259546944798e-06,40.0507199928624,0.409259546944798,2020-04-05
"96","115","FL- BRADENTON",296705,0.000421270440134683,9.29273029708859e-06,42.1270440134683,0.929273029708859,2020-04-05
"97","116","FL- CLEARWATER",506206,0.00039168963342651,8.72845979780523e-06,39.168963342651,0.872845979780523,2020-04-05
"98","139","FL- ST PETERSBURG",410319,0.00039168963342651,8.72845979780523e-06,39.168963342651,0.872845979780523,2020-04-05
"99","149","GA- SAVANNAH",856153,0.000376164051509353,1.16801552993449e-05,37.6164051509353,1.16801552993449,2020-04-05
"100","142","GA- ALBANY",219645,0.00489138295332866,0.000230784293612258,489.138295332866,23.0784293612258,2020-04-05
"101","147","GA- MACON",734927,0.00035269918319468,1.47865742847689e-05,35.269918319468,1.47865742847689,2020-04-05
"102","145","GA- AUGUSTA",673766,0.000245120304042434,4.43461197955673e-06,24.5120304042434,0.443461197955673,2020-04-05
"103","150","HI- HONOLULU",1360301,0.000266117572507849,1.47026283153508e-06,26.6117572507849,0.147026283153508,2020-04-05
"104","151","ID- BOISE",883940,0.00113871695775354,7.94923864305866e-06,113.871695775354,0.794923864305866,2020-04-05
"105","440","WA- SPOKANE",1515334,0.000454986518977489,2.0437950073123e-05,45.4986518977489,2.0437950073123,2020-04-05
"106","152","ID- IDAHO FALLS",238602,9.00290887112802e-05,0,9.00290887112802,0,2020-04-05
"107","276","MT- MISSOULA",382740,0.000208878356617056,6.41998784823632e-06,20.8878356617056,0.641998784823632,2020-04-05
"108","172","IL- SPRINGFIELD",830634,0.000108350211696476,8.42729770271865e-06,10.8350211696476,0.842729770271865,2020-04-05
"109","263","MO- CAPE GIRARDEAU",264707,0.00022919683229835,1.28625080115003e-06,22.919683229835,0.128625080115003,2020-04-05
"110","449","WI- MADISON",1093305,0.000349634577300859,1.10067178317585e-05,34.9634577300859,1.10067178317585,2020-04-05
"111","171","IL- ROCKFORD",735905,0.000167652501876396,4.39509498108035e-06,16.7652501876396,0.439509498108035,2020-04-05
"112","170","IL- PEORIA",615743,7.54943581898237e-05,4.47503026097905e-06,7.54943581898237,0.447503026097905,2020-04-05
"113","191","IA- DAVENPORT",492280,0.000238874372949671,3.53773082841801e-06,23.8874372949671,0.353773082841801,2020-04-05
"114","173","IL- URBANA",450688,0.000169753961069069,1.2935663169763e-06,16.9753961069069,0.12935663169763,2020-04-05
"115","188","IN- TERRE HAUTE",183701,0.000148745972800838,1.08736287582676e-05,14.8745972800838,1.08736287582676,2020-04-05
"116","164","IL- JOLIET",714644,0.000871987961306616,2.55479185259243e-05,87.1987961306616,2.55479185259242,2020-04-05
"117","155","IL- BLUE ISLAND",852099,0.00152171969342958,3.51595670698467e-05,152.171969342958,3.51595670698467,2020-04-05
"118","158","IL- ELGIN",801491,0.000807848682176862,2.34502443663798e-05,80.7848682176862,2.34502443663798,2020-04-05
"119","186","IN- MUNSTER",313527,0.000890144058973583,2.09696292358126e-05,89.0144058973583,2.09696292358126,2020-04-05
"120","166","IL- MELROSE PARK",1336480,0.00112813339756361,3.07687374680206e-05,112.813339756361,3.07687374680206,2020-04-05
"121","161","IL- EVANSTON",912358,0.00147961988842269,3.37899928070837e-05,147.961988842269,3.37899928070837,2020-04-05
"122","163","IL- HINSDALE",475308,0.00080332906679894,2.35857620789315e-05,80.332906679894,2.35857620789315,2020-04-05
"123","156","IL- CHICAGO",2586419,0.00154831630467739,3.58058973853032e-05,154.831630467739,3.58058973853032,2020-04-05
"124","179","IN- EVANSVILLE",682402,0.000151343671805266,2.59539061175894e-08,15.1343671805266,0.00259539061175894,2020-04-05
"125","154","IL- AURORA",343756,0.000441583498840615,2.32384853685015e-05,44.1583498840615,2.32384853685015,2020-04-05
"126","175","IL- BLOOMINGTON",205021,0.00025244830387392,9.64763639219762e-06,25.244830387392,0.964763639219762,2020-04-05
"127","194","IA- IOWA CITY",345868,0.000625515063764102,1.66709089892634e-05,62.5515063764102,1.66709089892634,2020-04-05
"128","193","IA- DUBUQUE",157341,0.000199016126156453,6.3556225014459e-06,19.9016126156453,0.63556225014459,2020-04-05
"129","208","KY- PADUCAH",370644,0.0001757949134367,8.41606972369842e-06,17.57949134367,0.841606972369841,2020-04-05
"130","451","WI- MILWAUKEE",2711686,0.00078768835134341,2.45407928675306e-05,78.768835134341,2.45407928675306,2020-04-05
"131","264","MO- COLUMBIA",707702,0.000276034181546953,4.16543789946948e-06,27.6034181546953,0.416543789946948,2020-04-05
"132","180","IN- FORT WAYNE",866605,0.000140578592444925,5.57061657069566e-06,14.0578592444925,0.557061657069566,2020-04-05
"133","183","IN- INDIANAPOLIS",2852404,0.0011182017066344,2.96679448458731e-05,111.82017066344,2.96679448458731,2020-04-05
"134","184","IN- LAFAYETTE",242737,0.000174220180127925,1.13014924288137e-05,17.4220180127925,1.13014924288137,2020-04-05
"135","185","IN- MUNCIE",168738,0.000288736939847335,1.27720110011405e-05,28.8736939847335,1.27720110011405,2020-04-05
"136","205","KY- LOUISVILLE",1761589,0.000335899753293664,1.25741803498559e-05,33.5899753293664,1.25741803498559,2020-04-05
"137","327","OH- CINCINNATI",1674091,0.000330850790970975,8.31845173354338e-06,33.0850790970975,0.831845173354338,2020-04-05
"138","187","IN- SOUTH BEND",696079,0.000259516777404411,8.78148391522135e-06,25.9516777404411,0.878148391522135,2020-04-05
"139","181","IN- GARY",529009,0.000488410194950146,1.08555356019569e-05,48.8410194950146,1.08555356019569,2020-04-05
"140","207","KY- OWENSBORO",145260,0.000468019765156904,1.37684152554041e-05,46.8019765156904,1.37684152554041,2020-04-05
"141","238","MI- KALAMAZOO",669114,0.000261877983819162,1.27968284263649e-05,26.1877983819162,1.27968284263649,2020-04-05
"142","192","IA- DES MOINES",1091747,0.000214328501479302,6.39769785683531e-06,21.4328501479302,0.639769785683531,2020-04-05
"143","278","NE- OMAHA",1302233,0.000259022395424681,4.60740377172771e-06,25.9022395424681,0.460740377172771,2020-04-05
"144","448","WI- LA CROSSE",356614,0.000198789563704514,6.40613302849823e-06,19.8789563704514,0.640613302849823,2020-04-05
"145","190","IA- CEDAR RAPIDS",301530,0.000627005377798389,2.00680546531656e-05,62.7005377798389,2.00680546531656,2020-04-05
"146","197","IA- WATERLOO",213653,0.000141985206241646,0,14.1985206241646,0,2020-04-05
"147","196","IA- SIOUX CITY",263271,8.64151757652006e-05,0,8.64151757652006,0,2020-04-05
"148","371","SD- SIOUX FALLS",773673,0.000308093691686874,2.6666922494469e-06,30.8093691686874,0.26666922494469,2020-04-05
"149","195","IA- MASON CITY",132160,0.000127024703465227,0,12.7024703465227,0,2020-04-05
"150","253","MN- ROCHESTER",416752,0.000404087557931964,5.8991549114624e-06,40.4087557931964,0.58991549114624,2020-04-05
"151","251","MN- MINNEAPOLIS",3233450,0.000164545819239552,5.50212795238185e-06,16.4545819239552,0.550212795238185,2020-04-05
"152","200","KS- TOPEKA",457565,0.000247804572551601,6.55644553232874e-06,24.7804572551601,0.655644553232874,2020-04-05
"153","340","OK- TULSA",1369583,0.000392466904404446,1.39675316983967e-05,39.2466904404446,1.39675316983967,2020-04-05
"154","277","NE- LINCOLN",580765,0.000118385053570423,3.41792792354255e-06,11.8385053570423,0.341792792354255,2020-04-05
"155","383","TX- AMARILLO",444214,0.000235389401218007,4.52215992225658e-06,23.5389401218007,0.452215992225658,2020-04-05
"156","380","TN- NASHVILLE",2782462,0.000791870305144665,8.99476170059275e-06,79.1870305144665,0.899476170059275,2020-04-05
"157","204","KY- LEXINGTON",1514499,0.000202943225928336,6.63424586052287e-06,20.2943225928336,0.663424586052287,2020-04-05
"158","377","TN- KNOXVILLE",1379484,0.000184578546199054,2.46281715545288e-06,18.4578546199054,0.246281715545288,2020-04-05
"159","203","KY- COVINGTON",416762,0.000276385286835408,1.43966087402119e-05,27.6385286835408,1.43966087402119,2020-04-05
"160","444","WV- HUNTINGTON",356456,0.000111417966470048,2.83862483158187e-06,11.1417966470048,0.283862483158187,2020-04-05
"161","329","OH- COLUMBUS",3018306,0.000310964304220515,5.34796009900317e-06,31.0964304220515,0.534796009900317,2020-04-05
"162","376","TN- KINGSPORT",479601,7.91346592369358e-05,3.18434263846885e-06,7.91346592369358,0.318434263846885,2020-04-05
"163","443","WV- CHARLESTON",839828,0.000118270823894194,1.25446881980924e-06,11.8270823894194,0.125446881980924,2020-04-05
"164","213","LA- LAFAYETTE",614128,0.000939392830810708,3.07295532972258e-05,93.9392830810708,3.07295532972258,2020-04-05
"165","214","LA- LAKE CHARLES",283234,0.000651181873220326,1.78782644022215e-05,65.1181873220326,1.78782644022215,2020-04-05
"166","209","LA- ALEXANDRIA",287731,0.000661065870279422,3.26024643039114e-05,66.1065870279422,3.26024643039114,2020-04-05
"167","210","LA- BATON ROUGE",947505,0.00154939403175969,5.49177445530345e-05,154.939403175969,5.49177445530345,2020-04-05
"168","212","LA- HOUMA",271510,0.00197433523282072,5.45754067143806e-05,197.433523282072,5.45754067143806,2020-04-05
"169","217","LA- MONROE",271497,0.000925780695795648,3.68172448780531e-06,92.5780695795648,0.368172448780531,2020-04-05
"170","259","MS- JACKSON",1075145,0.000571657887995161,1.00610782047663e-05,57.1657887995161,1.00610782047663,2020-04-05
"171","218","LA- NEW ORLEANS",657841,0.00936825679586624,0.000368030245972328,936.825679586624,36.8030245972328,2020-04-05
"172","216","LA- METAIRIE",458580,0.00519585988720792,0.000207584090763567,519.585988720792,20.7584090763567,2020-04-05
"173","220","LA- SLIDELL",192108,0.00170299177873786,4.26811472375104e-05,170.299177873786,4.26811472375104,2020-04-05
"174","222","ME- PORTLAND",1070795,0.000448912805596947,9.34255680800242e-06,44.8912805596947,0.934255680800242,2020-04-05
"175","221","ME- BANGOR",400665,7.85701849124787e-05,1.64685972487131e-08,7.85701849124787,0.0016468597248713,2020-04-05
"176","281","NH- LEBANON",396748,0.000293350378874426,4.97627394222873e-06,29.3350378874426,0.497627394222873,2020-04-05
"177","223","MD- BALTIMORE",2523788,0.000613535624276575,1.0892919404388e-05,61.3535624276575,1.0892919404388,2020-04-05
"178","363","PA- YORK",440053,0.000374195901378355,2.05194597296838e-06,37.4195901378355,0.205194597296838,2020-04-05
"179","352","PA- HARRISBURG",1027704,0.000358703276556304,4.17362227120623e-06,35.8703276556304,0.417362227120623,2020-04-05
"180","445","WV- MORGANTOWN",404313,0.000287480931510504,5.01133575376585e-06,28.7480931510504,0.501133575376585,2020-04-05
"181","227","MA- BOSTON",4826221,0.00203940998131924,2.97472372135411e-05,203.940998131924,2.97472372135411,2020-04-05
"182","295","NY- ALBANY",1842850,0.00132532306524232,2.62391443168724e-05,132.532306524232,2.62391443168724,2020-04-05
"183","231","MA- WORCESTER",808287,0.00127194576955189,2.4069437910345e-05,127.194576955189,2.4069437910345,2020-04-05
"184","246","MI- SAGINAW",627549,0.000327283169668954,5.01097525476488e-06,32.7283169668954,0.501097525476488,2020-04-05
"185","240","MI- MARQUETTE",200023,0.00012053119177759,4.9994250661174e-06,12.053119177759,0.49994250661174,2020-04-05
"186","248","MI- ST JOSEPH",142156,0.000326035880704317,7.6704428961179e-06,32.6035880704317,0.767044289611789,2020-04-05
"187","236","MI- GRAND RAPIDS",1187416,0.000208400861383379,4.20129029959038e-06,20.8400861383379,0.420129029959038,2020-04-05
"188","243","MI- PETOSKEY",175199,0.000307804144121004,2.2145224696785e-05,30.7804144121004,2.21452246967851,2020-04-05
"189","249","MI- TRAVERSE CITY",233228,0.000162968335391605,2.19535337881728e-05,16.2968335391605,2.19535337881728,2020-04-05
"190","239","MI- LANSING",710382,0.000460495663075849,9.81862659901406e-06,46.0495663075849,0.981862659901406,2020-04-05
"191","447","WI- GREEN BAY",510635,8.18350405009645e-05,2.07514074001904e-06,8.18350405009645,0.207514074001904,2020-04-05
"192","235","MI- FLINT",568542,0.00108825938809698,3.76165687721728e-05,108.825938809698,3.76165687721728,2020-04-05
"193","250","MN- DULUTH",341216,0.000103976627344004,4.71639931032208e-06,10.3976627344004,0.471639931032208,2020-04-05
"194","456","WI- WAUSAU",189284,7.50597405855955e-05,4.55719579627485e-07,7.50597405855955,0.0455719579627485,2020-04-05
"195","232","MI- ANN ARBOR",1401260,0.00225582080387159,7.90717969957311e-05,225.582080387159,7.90717969957311,2020-04-05
"196","242","MI- MUSKEGON",270058,0.000153963386776967,1.46175716575755e-05,15.3963386776967,1.46175716575755,2020-04-05
"197","244","MI- PONTIAC",470635,0.00255523810661667,0.000137136287206854,255.523810661667,13.7136287206854,2020-04-05
"198","334","OH- TOLEDO",1000493,0.000466047396754387,8.91255033684466e-06,46.6047396754387,0.891255033684466,2020-04-05
"199","234","MI- DETROIT",1738617,0.002997333007792,0.000118539137413939,299.7333007792,11.8539137413939,2020-04-05
"200","245","MI- ROYAL OAK",679720,0.00253414663052704,0.00013227143230152,253.414663052704,13.227143230152,2020-04-05
"201","233","MI- DEARBORN",517284,0.00410604636073314,0.000159836004942615,410.604636073314,15.9836004942615,2020-04-05
"202","256","MN- ST PAUL",1080676,0.00017481482541739,4.07429724374182e-06,17.481482541739,0.407429724374182,2020-04-05
"203","322","ND- FARGO MOORHEAD -MN",533993,0.00016919614111726,1.87268372431848e-06,16.919614111726,0.187268372431848,2020-04-05
"204","323","ND- GRAND FORKS",164613,7.92979496600145e-05,0,7.92979496600145,0,2020-04-05
"205","254","MN- ST CLOUD",260897,3.99086455609671e-05,0,3.99086455609671,0,2020-04-05
"206","261","MS- OXFORD",149639,0.000476481732821128,2.29324234394295e-05,47.6481732821128,2.29324234394295,2020-04-05
"207","258","MS- HATTIESBURG",306018,0.000345482558291484,7.20668931964485e-06,34.5482558291484,0.720668931964485,2020-04-05
"208","257","MS- GULFPORT",201377,0.000408391151507486,1.64518312391095e-05,40.8391151507486,1.64518312391095,2020-04-05
"209","274","MT- BILLINGS",585373,0.000361321007239817,9.27122127403184e-07,36.1321007239817,0.0927122127403184,2020-04-05
"210","275","MT- GREAT FALLS",152681,0.000202798740332787,1.96488102645385e-05,20.2798740332787,1.96488102645385,2020-04-05
"211","370","SD- RAPID CITY",217734,7.96121467111e-05,0,7.96121467111,0,2020-04-05
"212","324","ND- MINOT",125908,0.000359365014238915,7.94230708136099e-06,35.9365014238915,0.794230708136099,2020-04-05
"213","282","NH- MANCHESTER",894248,0.000574476688495306,8.60051690375744e-06,57.4476688495306,0.860051690375744,2020-04-05
"214","283","NJ- CAMDEN",2827593,0.00211762945136712,5.22086814728916e-05,211.762945136712,5.22086814728916,2020-04-05
"215","284","NJ- HACKENSACK",1278413,0.00807334745637027,0.000180523267465201,807.334745637027,18.0523267465201,2020-04-05
"216","291","NJ- PATERSON",393185,0.00612395694890003,9.33343808261756e-05,612.395694890003,9.33343808261756,2020-04-05
"217","292","NJ- RIDGEWOOD",463288,0.0102196945522651,0.000188324685503288,1021.96945522651,18.8324685503288,2020-04-05
"218","285","NJ- MORRISTOWN",1028075,0.00370854751405482,0.00010198579559262,370.854751405482,10.198579559262,2020-04-05
"219","346","PA- ALLENTOWN",1233349,0.00210721393933225,3.26033397713141e-05,210.721393933225,3.26033397713141,2020-04-05
"220","288","NJ- NEW BRUNSWICK",1044234,0.00325504450585016,9.014431486402e-05,325.504450585016,9.014431486402,2020-04-05
"221","400","TX- LUBBOCK",707296,0.000293703540934112,9.41098939322707e-06,29.3703540934112,0.941098939322707,2020-04-05
"222","393","TX- EL PASO",1113258,0.000123807869989635,0,12.3807869989635,0,2020-04-05
"223","304","NY- ROCHESTER",1303270,0.000612244244336449,1.67942313587542e-05,61.2244244336449,1.67942313587542,2020-04-05
"224","299","NY- BUFFALO",1378870,0.000892982952043228,2.0794294289104e-05,89.2982952043228,2.0794294289104,2020-04-05
"225","307","NY- SYRACUSE",1069422,0.000550437281452347,8.11608901052292e-06,55.0437281452347,0.811608901052292,2020-04-05
"226","296","NY- BINGHAMTON",364639,0.000443741109263567,1.69357841559107e-05,44.3741109263567,1.69357841559107,2020-04-05
"227","351","PA- ERIE",722463,7.7424472029417e-05,1.40186030682234e-06,7.7424472029417,0.140186030682234,2020-04-05
"228","300","NY- ELMIRA",331145,0.000367941181536555,1.30712124459963e-05,36.7941181536555,1.30712124459963,2020-04-05
"229","359","PA- SAYRE",197463,0.000258424046979845,2.18142427121412e-06,25.8424046979845,0.218142427121412,2020-04-05
"230","424","VT- BURLINGTON",646114,0.000759359182621084,9.33137231177832e-06,75.9359182621084,0.933137231177832,2020-04-05
"231","360","PA- SCRANTON",317755,0.000829488640487193,2.07284039605708e-05,82.9488640487193,2.07284039605708,2020-04-05
"232","313","NC- GREENSBORO",627219,0.000186290990121574,8.60635887339311e-06,18.6290990121574,0.860635887339311,2020-04-05
"233","312","NC- DURHAM",1366694,0.000277847508189002,1.10725866284721e-06,27.7847508189002,0.110725866284721,2020-04-05
"234","315","NC- HICKORY",298883,0.000116490400725599,4.42806628087387e-06,11.6490400725599,0.442806628087387,2020-04-05
"235","320","NC- WINSTON-SALEM",1137103,0.00021179621646585,5.49865561644991e-06,21.179621646585,0.549865561644991,2020-04-05
"236","311","NC- CHARLOTTE",2459473,0.000448704669418127,4.76792290310722e-06,44.8704669418127,0.476792290310722,2020-04-05
"237","375","TN- JOHNSON CITY",277165,0.000130990672126028,2.71929086915524e-07,13.0990672126028,0.0271929086915524,2020-04-05
"238","309","NC- ASHEVILLE",660204,0.000151255805660984,3.57894830400939e-06,15.1255805660984,0.357894830400939,2020-04-05
"239","314","NC- GREENVILLE",856416,0.000165598991735436,3.4923520799287e-06,16.5598991735436,0.34923520799287,2020-04-05
"240","318","NC- RALEIGH",2032974,0.000260183082424549,2.8860658268622e-06,26.0183082424549,0.28860658268622,2020-04-05
"241","319","NC- WILMINGTON",449671,0.000146323652559055,2.02306816181661e-06,14.6323652559055,0.202306816181661,2020-04-05
"242","365","SC- CHARLESTON",1039763,0.000436456286997082,6.23717070146991e-06,43.6456286997082,0.623717070146991,2020-04-05
"243","430","VA- NORFOLK",1289789,0.00030049371355831,3.10128245782837e-06,30.049371355831,0.310128245782837,2020-04-05
"244","367","SC- FLORENCE",379572,0.000228135632239976,1.8660353065388e-05,22.8135632239976,1.8660353065388,2020-04-05
"245","369","SC- SPARTANBURG",374810,0.000241832713920781,5.46582362880729e-08,24.1832713920781,0.00546582362880729,2020-04-05
"246","321","ND- BISMARCK",211242,0.00041910565256746,4.73390708287178e-06,41.910565256746,0.473390708287178,2020-04-05
"247","330","OH- DAYTON",1077638,0.00021062157599656,1.52979915794811e-05,21.062157599656,1.52979915794811,2020-04-05
"248","326","OH- CANTON",640670,0.000244113222858755,9.15045887353534e-06,24.4113222858755,0.915045887353534,2020-04-05
"249","328","OH- CLEVELAND",2068625,0.000518281308405493,1.07447121725184e-05,51.8281308405493,1.07447121725184,2020-04-05
"250","335","OH- YOUNGSTOWN",642648,0.000611175722122055,4.04241605620429e-05,61.1175722122055,4.04241605620429,2020-04-05
"251","357","PA- PITTSBURGH",2904771,0.000382036350335281,5.13401385743347e-06,38.2036350335281,0.513401385743347,2020-04-05
"252","332","OH- KETTERING",432928,0.000150230017540393,4.02711903172501e-06,15.0230017540393,0.402711903172501,2020-04-05
"253","331","OH- ELYRIA",253587,0.000355520036988859,1.00647463342615e-05,35.5520036988859,1.00647463342615,2020-04-05
"254","325","OH- AKRON",703381,0.000378011508077605,1.74199820029697e-05,37.8011508077605,1.74199820029697,2020-04-05
"255","339","OK- OKLAHOMA CITY",1878346,0.000329485940294728,1.33733979376917e-05,32.9485940294728,1.33733979376917,2020-04-05
"256","391","TX- DALLAS",4819192,0.000369641858168619,6.74759151105886e-06,36.9641858168619,0.674759151105886,2020-04-05
"257","336","OK- LAWTON",203937,0.000267491218864502,4.87637144117984e-06,26.7491218864502,0.487637144117984,2020-04-05
"258","420","TX- WICHITA FALLS",202790,0.000251712503752518,0,25.1712503752518,0,2020-04-05
"259","342","OR- EUGENE",731523,0.000141922483273199,5.58009177850626e-06,14.1922483273199,0.558009177850626,2020-04-05
"260","345","OR- SALEM",319400,0.000556613786240237,1.52842119915567e-05,55.6613786240237,1.52842119915567,2020-04-05
"261","344","OR- PORTLAND",2688073,0.000318133138832584,1.00636703161537e-05,31.8133138832584,1.00636703161537,2020-04-05
"262","341","OR- BEND",221484,0.000188646257323094,1.65099946657419e-09,18.8646257323094,0.000165099946657419,2020-04-05
"263","347","PA- ALTOONA",302529,7.43422883490301e-05,0,7.43422883490301,0,2020-04-05
"264","358","PA- READING",596839,0.000727667128213326,7.77747230788329e-06,72.7667128213326,0.777747230788329,2020-04-05
"265","355","PA- LANCASTER",678147,0.000672797871312265,1.27144385903645e-05,67.2797871312265,1.27144385903645,2020-04-05
"266","354","PA- JOHNSTOWN",220260,6.2990833695742e-05,6.51404360866907e-09,6.2990833695742,0.000651404360866907,2020-04-05
"267","362","PA- WILKES-BARRE",249132,0.00225551977193325,1.60601418766816e-05,225.551977193325,1.60601418766816,2020-04-05
"268","350","PA- DANVILLE",579193,0.000299112955630116,2.01824050691982e-06,29.9112955630116,0.201824050691982,2020-04-05
"269","366","SC- COLUMBIA",1241913,0.000641842432021449,1.48651091406588e-05,64.1842432021449,1.48651091406588,2020-04-05
"270","368","SC- GREENVILLE",907674,0.000319245941404604,5.48601540471234e-06,31.9245941404604,0.548601540471234,2020-04-05
"271","374","TN- JACKSON",333926,0.000170158902866587,0,17.0158902866587,0,2020-04-05
"272","416","TX- TYLER",561485,0.000144230450966598,3.07154644744355e-06,14.4230450966598,0.307154644744355,2020-04-05
"273","397","TX- HOUSTON",6463120,0.000366916830463806,5.7247892658654e-06,36.6916830463806,0.57247892658654,2020-04-05
"274","390","TX- CORPUS CHRISTI",564150,0.000111620776667343,0,11.1620776667343,0,2020-04-05
"275","412","TX- SAN ANTONIO",2714969,0.000218069907037309,6.99823828559368e-06,21.8069907037309,0.699823828559368,2020-04-05
"276","385","TX- AUSTIN",1738310,0.000344242870612968,4.44265005465083e-06,34.4242870612968,0.444265005465083,2020-04-05
"277","413","TX- TEMPLE",499914,0.000158137731048613,2.575700572081e-06,15.8137731048613,0.2575700572081,2020-04-05
"278","418","TX- WACO",341324,0.000171412944668789,5.74644916989939e-06,17.1412944668789,0.574644916989939,2020-04-05
"279","394","TX- FORT WORTH",2198658,0.000207992492394663,6.26599665203348e-06,20.7992492394663,0.626599665203348,2020-04-05
"280","388","TX- BRYAN",272470,0.000302629085045734,1.83506441076082e-05,30.2629085045734,1.83506441076082,2020-04-05
"281","406","TX- ODESSA",351062,0.000139576485065316,2.84849969521053e-06,13.9576485065316,0.284849969521053,2020-04-05
"282","382","TX- ABILENE",295982,0.000121775692910463,3.37876216923943e-06,12.1775692910463,0.337876216923943,2020-04-05
"283","417","TX- VICTORIA",148174,0.000304982513778363,0,30.4982513778363,0,2020-04-05
"284","396","TX- HARLINGEN",591312,0.000169265079724785,1.69115458505831e-06,16.9265079724785,0.169115458505831,2020-04-05
"285","399","TX- LONGVIEW",215161,0.000106820887716913,1.92604802661605e-06,10.6820887716913,0.192604802661605,2020-04-05
"286","386","TX- BEAUMONT",464919,0.000223193616939004,6.45273692836817e-06,22.3193616939004,0.645273692836817,2020-04-05
"287","411","TX- SAN ANGELO",159476,0.000125410720108355,0,12.5410720108355,0,2020-04-05
"288","402","TX- MCALLEN",672773,0.000109860141093782,0,10.9860141093782,0,2020-04-05
"289","422","UT- PROVO",599239,0.000494052419322206,2.80384692477749e-10,49.4052419322206,2.80384692477749e-05,2020-04-05
"290","421","UT- OGDEN",485077,0.000327096428281319,4.70840276508093e-06,32.7096428281319,0.470840276508093,2020-04-05
"291","427","VA- CHARLOTTESVILLE",580368,0.000248988676314899,0,24.8988676314899,0,2020-04-05
"292","432","VA- ROANOKE",718474,9.56209704384899e-05,0,9.56209704384899,0,2020-04-05
"293","431","VA- RICHMOND",1734485,0.000353506970059733,1.03777201878367e-05,35.3506970059733,1.03777201878367,2020-04-05
"294","428","VA- LYNCHBURG",256375,8.75023272255568e-05,0,8.75023272255568,0,2020-04-05
"295","426","VA- ARLINGTON",2297586,0.000456213394560032,3.48191536682414e-06,45.6213394560032,0.348191536682414,2020-04-05
"296","429","VA- NEWPORT NEWS",563031,0.000482275572831029,8.8805056915161e-06,48.2275572831029,0.88805056915161,2020-04-05
"297","435","VA- WINCHESTER",435762,0.000313988362494152,0,31.3988362494152,0,2020-04-05
"298","442","WA- YAKIMA",298517,0.0012978105062383,4.35948104726509e-05,129.78105062383,4.35948104726509,2020-04-05
"299","439","WA- SEATTLE",2812672,0.00145250580115312,8.59767928192594e-05,145.250580115312,8.59767928192594,2020-04-05
"300","438","WA- OLYMPIA",387412,0.00023925457339038,2.58123135060349e-06,23.925457339038,0.258123135060349,2020-04-05
"301","437","WA- EVERETT",672161,0.00194004764624529,5.96145396117727e-05,194.004764624529,5.96145396117727,2020-04-05
"302","441","WA- TACOMA",802054,0.000869845651643968,1.25987946291389e-05,86.9845651643968,1.25987946291389,2020-04-05
"303","450","WI- MARSHFIELD",379798,9.66795092568589e-05,8.01554163052285e-07,9.66795092568588,0.0801554163052285,2020-04-05
"304","446","WI- APPLETON",328675,8.49352594942843e-05,5.89986552786034e-06,8.49352594942843,0.589986552786034,2020-04-05
"305","452","WI- NEENAH",238971,0.000125187955492277,1.48629767516126e-06,12.5187955492277,0.148629767516126,2020-04-05
"306","457","WY- CASPER",192915,0.000405817224811498,0,40.5817224811498,0,2020-04-05
"307","Hospital referral regions (2016)","Hospital referral regions 2016",NA,NA,NA,NA,NA,2020-04-05
